id,field,value
close-1_verb,ipa,/ˈkloʊz/
close-1_noun,ipa,/ˈkloʊz/
close-2_adjective,ipa,/ˈkloʊs/
close-2_adverb,ipa,/ˈkloʊs/
live-1_verb,ipa,/ˈlɪv/
live-2_adjective,ipa,/ˈlaɪv/
live-2_adverb,ipa,/ˈlaɪv/
read_verb,ipa,/ˈrid/
lead-1_verb,ipa,/ˈlid/
lead-1_noun,ipa,/ˈlid/
use_verb,ipa,/ˈjuz/
use_noun,ipa,/ˈjus/
minute-1_noun,ipa,/ˈmɪnət/
minute-2_adjective,ipa,/maɪˈnut/
wind-1_noun,ipa,/ˈwɪnd/
wind-2_verb,ipa,/ˈwaɪnd/
tear-1_verb,ipa,/ˈtɛr/
tear-1_noun,ipa,/ˈtɛr/
tear-2_noun,ipa,/ˈtɪr/
bow-1_verb,ipa,/ˈbaʊ/
bow-1_noun,ipa,/ˈbaʊ/
bass-1_noun,ipa,/ˈbeɪs/
wound_noun,ipa,/ˈwund/
wound_verb,ipa,/ˈwund/
content-1_noun,ipa,/ˈkɑntɛnt/
content-2_adjective,ipa,/kənˈtɛnt/
object_noun,ipa,/ˈɑbdʒɛkt/
object_verb,ipa,/əbˈdʒɛkt/
present_noun,ipa,/ˈprɛzənt/
present_adjective,ipa,/ˈprɛzənt/
present_verb,ipa,/prɪˈzɛnt/
project_noun,ipa,/ˈprɑdʒɛkt/
project_verb,ipa,/prəˈdʒɛkt/
subject_noun,ipa,/ˈsəbdʒɪkt/
subject_adjective,ipa,/ˈsəbdʒɪkt/
desert_noun,ipa,/ˈdɛzərt/
desert_verb,ipa,/dɪˈzərt/
increase_noun,ipa,/ˈɪnˌkris/
increase_verb,ipa,/ɪnˈkris/
decrease_noun,ipa,/ˈdiˌkris/
decrease_verb,ipa,/dɪˈkris/
produce_noun,ipa,/ˈproʊdus/
produce_verb,ipa,/prəˈdus/
progress_noun,ipa,/ˈprɑˌɡrɛs/
progress_verb,ipa,/prəˈɡrɛs/
record_noun,ipa,/ˈrɛkərd/
record_verb,ipa,/rɪˈkɔrd/
refuse-1_verb,ipa,/rɪˈfjuz/
import_noun,ipa,/ˈɪmˌpɔrt/
import_verb,ipa,/ɪmˈpɔrt/
protest_noun,ipa,/ˈproʊˌtɛst/
protest_verb,ipa,/prəˈtɛst/
conduct_noun,ipa,/ˈkɑndəkt/
conduct_verb,ipa,/kənˈdəkt/
contract_noun,ipa,/ˈkɑnˌtrækt/
contract_verb,ipa,/kənˈtrækt/
permit_noun,ipa,/ˈpərˌmɪt/
permit_verb,ipa,/pərˈmɪt/
suspect_noun,ipa,/ˈsəsˌpɛkt/
suspect_verb,ipa,/səˈspɛkt/
transfer_noun,ipa,/ˈtrænsfər/
transfer_verb,ipa,/trænsˈfər/
upset_adjective,ipa,/əpˈsɛt/
upset_verb,ipa,/əpˈsɛt/
excuse_noun,ipa,/ɪkˈskjus/
excuse_verb,ipa,/ɪkˈskjuz/
separate_adjective,ipa,/ˈsɛpərət/
separate_verb,ipa,/ˈsɛpəˌreɪt/
estimate_noun,ipa,/ˈɛstəmət/
estimate_verb,ipa,/ˈɛstəˌmeɪt/
graduate_noun,ipa,/ˈɡrædʒuət/
graduate_verb,ipa,/ˈɡrædʒuˌeɪt/
advocate_noun,ipa,/ˈædvəkət/
advocate_verb,ipa,/ˈædvəˌkeɪt/
appropriate_adjective,ipa,/əˈproʊpriət/
associate_verb,ipa,/əˈsoʊsiˌeɪt/
deliberate_adjective,ipa,/dɪˈlɪbərət/
elaborate_adjective,ipa,/ɪˈlæbərət/
moderate_adjective,ipa,/ˈmɑdərət/
cryptocurrency_noun,ipa,/ˈkrɪptoʊˌkərənsi/
